<?xml version="1.0"?>
<!--<!DOCTYPE metadata SYSTEM "http://www.esri.com/metadata/esriprof80.dtd">-->
<metadata xml:lang="ko"><Esri><CreaDate>20111012</CreaDate><CreaTime>00500500</CreaTime><SyncOnce>FALSE</SyncOnce><SyncDate>20111012</SyncDate><SyncTime>02283300</SyncTime><ModDate>20111012</ModDate><ModTime>02283300</ModTime><DataProperties><lineage><Process ToolSource="C:\Program Files\ArcGIS\ArcToolbox\Toolboxes\Data Management Tools.tbx\CopyFeatures" Date="20081106" Time="152034">CopyFeatures D:\temporary\지역별\LYR_ADM_SGG_2007.shp D:\develop\map.popm\gdb.popm.mdb\popm_tm\LYR_ADM_SGG_2007 # 0 0 0</Process><Process Name="FeatureClassToFeatureClass_1" ToolSource="C:\Program Files\ArcGIS\ArcToolbox\Toolboxes\Conversion Tools.tbx\FeatureClassToFeatureClass" Date="20090720" Time="150456">FeatureClassToFeatureClass D:\과제\2009WebGIS고도화\DATA\공간데이터\LYR_ADM_SGG_2008.shp D:\과제\2009WebGIS고도화\DATA\gdb.popm.mdb\popm_tm LYR_ADM_SGG_2008 # "OBJECTID OBJECTID true false false 20 Double 5 19 ,First,#,D:\과제\2009WebGIS고도화\DATA\공간데이터\LYR_ADM_SGG_2008.shp,OBJECTID,-1,-1;ADM_CODE ADM_CODE true false false 10 Text 0 0 ,First,#,D:\과제\2009WebGIS고도화\DATA\공간데이터\LYR_ADM_SGG_2008.shp,ADM_CODE,-1,-1;CEN_CODE CEN_CODE true false false 10 Text 0 0 ,First,#,D:\과제\2009WebGIS고도화\DATA\공간데이터\LYR_ADM_SGG_2008.shp,CEN_CODE,-1,-1;SIDO_NM SIDO_NM true false false 20 Text 0 0 ,First,#,D:\과제\2009WebGIS고도화\DATA\공간데이터\LYR_ADM_SGG_2008.shp,SIDO_NM,-1,-1;SGG_NM SGG_NM true false false 20 Text 0 0 ,First,#,D:\과제\2009WebGIS고도화\DATA\공간데이터\LYR_ADM_SGG_2008.shp,SGG_NM,-1,-1;POP_2007 POP_2007 true false false 20 Double 5 19 ,First,#,D:\과제\2009WebGIS고도화\DATA\공간데이터\LYR_ADM_SGG_2008.shp,POP_2007,-1,-1;POP_2008 POP_2008 true false false 20 Double 5 19 ,First,#,D:\과제\2009WebGIS고도화\DATA\공간데이터\LYR_ADM_SGG_2008.shp,POP_2008,-1,-1" # D:\과제\2009WebGIS고도화\DATA\gdb.popm.mdb\popm_tm\LYR_ADM_SGG_2008</Process><Process ToolSource="C:\Program Files\ArcGIS\ArcToolbox\Toolboxes\Data Management Tools.tbx\CopyFeatures" Date="20111012" Time="020537">CopyFeatures C:\NSO\FOSS4G_2011\교육\foss4g_data\seoul\BesselTM127\admin_sgg.shp C:\NSO\FOSS4G_2011\교육\foss4g_data\seoul\BesselTM127\BesselTM127.mdb\admin_sgg # 0 0 0</Process><Process ToolSource="C:\Program Files\ArcGIS\ArcToolbox\Toolboxes\Data Management Tools.tbx\CopyFeatures" Date="20111012" Time="022834">CopyFeatures C:\NSO\FOSS4G_2011\교육\foss4g_data\seoul\BesselTM127\BesselTM127.mdb\admin_sgg C:\NSO\FOSS4G_2011\교육\foss4g_data\seoul\BesselTM127\admin_sgg.shp # 0 0 0</Process></lineage></DataProperties><MetaID>{D8A50C6B-3F54-4B7A-870B-71A943020883}</MetaID></Esri><idinfo><native Sync="TRUE">Microsoft Windows Vista Version 6.1 (Build 7601) Service Pack 1; ESRI ArcCatalog 9.3.0.1770</native><descript><langdata Sync="TRUE">ko</langdata><abstract>REQUIRED: A brief narrative summary of the data set.</abstract><purpose>REQUIRED: A summary of the intentions with which the data set was developed.</purpose></descript><citation><citeinfo><origin>REQUIRED: The name of an organization or individual that developed the data set.</origin><pubdate>REQUIRED: The date when the data set is published or otherwise made available for release.</pubdate><title Sync="TRUE">admin_sgg</title><ftname Sync="TRUE">admin_sgg</ftname><geoform Sync="TRUE">vector digital data</geoform><onlink Sync="TRUE">\\LEEMINPA\NSO\FOSS4G_2011\교육\foss4g_data\seoul\BesselTM127\admin_sgg.shp</onlink></citeinfo></citation><timeperd><current>REQUIRED: The basis on which the time period of content information is determined.</current><timeinfo><sngdate><caldate>REQUIRED: The year (and optionally month, or month and day) for which the data set corresponds to the ground.</caldate></sngdate></timeinfo></timeperd><status><progress>REQUIRED: The state of the data set.</progress><update>REQUIRED: The frequency with which changes and additions are made to the data set after the initial data set is completed.</update></status><spdom><bounding><westbc Sync="TRUE">REQUIRED: Western-most coordinate of the limit of coverage expressed in longitude.</westbc><eastbc Sync="TRUE">REQUIRED: Eastern-most coordinate of the limit of coverage expressed in longitude.</eastbc><northbc Sync="TRUE">REQUIRED: Northern-most coordinate of the limit of coverage expressed in latitude.</northbc><southbc Sync="TRUE">REQUIRED: Southern-most coordinate of the limit of coverage expressed in latitude.</southbc></bounding></spdom><keywords><theme><themekt>REQUIRED: Reference to a formally registered thesaurus or a similar authoritative source of theme keywords.</themekt><themekey>REQUIRED: Common-use word or phrase used to describe the subject of the data set.</themekey></theme></keywords><accconst>REQUIRED: Restrictions and legal prerequisites for accessing the data set.</accconst><useconst>REQUIRED: Restrictions and legal prerequisites for using the data set after access is granted.</useconst><natvform Sync="TRUE">Shapefile</natvform></idinfo><dataIdInfo><envirDesc Sync="TRUE">Microsoft Windows Vista Version 6.1 (Build 7601) Service Pack 1; ESRI ArcCatalog 9.3.0.1770</envirDesc><dataLang><languageCode Sync="TRUE" value="ko"></languageCode></dataLang><idCitation><resTitle Sync="TRUE">admin_sgg</resTitle><presForm><PresFormCd Sync="TRUE" value="005"></PresFormCd></presForm></idCitation><spatRpType><SpatRepTypCd Sync="TRUE" value="001"></SpatRepTypCd></spatRpType></dataIdInfo><metainfo><langmeta Sync="TRUE">ko</langmeta><metstdn Sync="TRUE">FGDC Content Standards for Digital Geospatial Metadata</metstdn><metstdv Sync="TRUE">FGDC-STD-001-1998</metstdv><mettc Sync="TRUE">local time</mettc><metc><cntinfo><cntorgp><cntper>REQUIRED: The person responsible for the metadata information.</cntper><cntorg>REQUIRED: The organization responsible for the metadata information.</cntorg></cntorgp><cntaddr><addrtype>REQUIRED: The mailing and/or physical address for the organization or individual.</addrtype><city>REQUIRED: The city of the address.</city><state>REQUIRED: The state or province of the address.</state><postal>REQUIRED: The ZIP or other postal code of the address.</postal></cntaddr><cntvoice>REQUIRED: The telephone number by which individuals can speak to the organization or individual.</cntvoice></cntinfo></metc><metd Sync="TRUE">20111012</metd><metextns><onlink Sync="TRUE">http://www.esri.com/metadata/esriprof80.html</onlink><metprof Sync="TRUE">ESRI Metadata Profile</metprof></metextns></metainfo><mdLang><languageCode Sync="TRUE" value="ko"></languageCode></mdLang><mdStanName Sync="TRUE">ISO 19115 Geographic Information - Metadata</mdStanName><mdStanVer Sync="TRUE">DIS_ESRI1.0</mdStanVer><mdChar><CharSetCd Sync="TRUE" value="004"></CharSetCd></mdChar><mdHrLv><ScopeCd Sync="TRUE" value="005"></ScopeCd></mdHrLv><mdHrLvName Sync="TRUE">dataset</mdHrLvName><distinfo><resdesc Sync="TRUE">Downloadable Data</resdesc><stdorder><digform><digtinfo><transize Sync="TRUE">0.000</transize><dssize Sync="TRUE">0.000</dssize></digtinfo></digform></stdorder></distinfo><distInfo><distributor><distorTran><onLineSrc><orDesc Sync="TRUE">002</orDesc><linkage Sync="TRUE">file://\\LEEMINPA\NSO\FOSS4G_2011\교육\foss4g_data\seoul\BesselTM127\admin_sgg.shp</linkage><protocol Sync="TRUE">Local Area Network</protocol></onLineSrc><transSize Sync="TRUE">0.000</transSize></distorTran><distorFormat><formatName Sync="TRUE">Shapefile</formatName></distorFormat></distributor></distInfo><spdoinfo><direct Sync="TRUE">Vector</direct><ptvctinf><esriterm Name="admin_sgg"><efeatyp Sync="TRUE">Simple</efeatyp><efeageom Sync="TRUE">Polygon</efeageom><esritopo Sync="TRUE">FALSE</esritopo><efeacnt Sync="TRUE">0</efeacnt><spindex Sync="TRUE">FALSE</spindex><linrefer Sync="TRUE">FALSE</linrefer></esriterm><sdtsterm Name="admin_sgg"><sdtstype Sync="TRUE">G-polygon</sdtstype><ptvctcnt Sync="TRUE">0</ptvctcnt></sdtsterm></ptvctinf></spdoinfo><spref><horizsys><cordsysn><geogcsn Sync="TRUE">GCS_Korean_Datum_1985</geogcsn><projcsn Sync="TRUE">Korean_1985_Korea_Central_Belt</projcsn></cordsysn><planar><planci><plance Sync="TRUE">coordinate pair</plance><plandu Sync="TRUE">meters</plandu><coordrep><absres Sync="TRUE">0.000000</absres><ordres Sync="TRUE">0.000000</ordres></coordrep></planci><mapproj><mapprojn Sync="TRUE">Transverse Mercator</mapprojn><transmer><sfctrmer Sync="TRUE">1.000000</sfctrmer><longcm Sync="TRUE">127.002890</longcm><latprjo Sync="TRUE">38.000000</latprjo><feast Sync="TRUE">200000.000000</feast><fnorth Sync="TRUE">500000.000000</fnorth></transmer></mapproj></planar><geodetic><horizdn Sync="TRUE">D_Korean_Datum_1985</horizdn><ellips Sync="TRUE">Bessel_1841</ellips><semiaxis Sync="TRUE">6377397.155000</semiaxis><denflat Sync="TRUE">299.152813</denflat></geodetic></horizsys><vertdef><altsys><altenc Sync="TRUE">Explicit elevation coordinate included with horizontal coordinates</altenc><altres Sync="TRUE">0.000003</altres></altsys></vertdef></spref><refSysInfo><RefSystem><refSysID><identCode Sync="TRUE">Korean_1985_Korea_Central_Belt</identCode></refSysID></RefSystem></refSysInfo><spatRepInfo><VectSpatRep><topLvl><TopoLevCd Sync="TRUE" value="001"></TopoLevCd></topLvl><geometObjs Name="admin_sgg"><geoObjTyp><GeoObjTypCd Sync="TRUE" value="001"></GeoObjTypCd></geoObjTyp><geoObjCnt Sync="TRUE">0</geoObjCnt></geometObjs></VectSpatRep></spatRepInfo><eainfo><detailed Name="admin_sgg"><enttyp><enttypl Sync="TRUE">admin_sgg</enttypl><enttypt Sync="TRUE">Feature Class</enttypt><enttypc Sync="TRUE">0</enttypc></enttyp><attr><attrlabl Sync="TRUE">FID</attrlabl><attalias Sync="TRUE">FID</attalias><attrtype Sync="TRUE">OID</attrtype><attwidth Sync="TRUE">4</attwidth><atprecis Sync="TRUE">0</atprecis><attscale Sync="TRUE">0</attscale><attrdef Sync="TRUE">Internal feature number.</attrdef><attrdefs Sync="TRUE">ESRI</attrdefs><attrdomv><udom Sync="TRUE">Sequential unique whole numbers that are automatically generated.</udom></attrdomv></attr><attr><attrlabl Sync="TRUE">Shape</attrlabl><attalias Sync="TRUE">Shape</attalias><attrtype Sync="TRUE">Geometry</attrtype><attwidth Sync="TRUE">0</attwidth><atprecis Sync="TRUE">0</atprecis><attscale Sync="TRUE">0</attscale><attrdef Sync="TRUE">Feature geometry.</attrdef><attrdefs Sync="TRUE">ESRI</attrdefs><attrdomv><udom Sync="TRUE">Coordinates defining the features.</udom></attrdomv></attr><attr><attrlabl Sync="TRUE">SGG_CD</attrlabl><attalias Sync="TRUE">SGG_CD</attalias><attrtype Sync="TRUE">String</attrtype><attwidth Sync="TRUE">10</attwidth></attr><attr><attrlabl Sync="TRUE">ADM_CD</attrlabl><attalias Sync="TRUE">ADM_CD</attalias><attrtype Sync="TRUE">String</attrtype><attwidth Sync="TRUE">10</attwidth></attr><attr><attrlabl Sync="TRUE">SID_NM</attrlabl><attalias Sync="TRUE">SID_NM</attalias><attrtype Sync="TRUE">String</attrtype><attwidth Sync="TRUE">20</attwidth></attr><attr><attrlabl Sync="TRUE">SGG_NM</attrlabl><attalias Sync="TRUE">SGG_NM</attalias><attrtype Sync="TRUE">String</attrtype><attwidth Sync="TRUE">20</attwidth></attr><attr><attrlabl Sync="TRUE">POP2007</attrlabl><attalias Sync="TRUE">POP2007</attalias><attrtype Sync="TRUE">Float</attrtype><attwidth Sync="TRUE">19</attwidth><atnumdec Sync="TRUE">11</atnumdec></attr><attr><attrlabl Sync="TRUE">POP2008</attrlabl><attalias Sync="TRUE">POP2008</attalias><attrtype Sync="TRUE">Float</attrtype><attwidth Sync="TRUE">19</attwidth><atnumdec Sync="TRUE">11</atnumdec></attr><attr><attrlabl Sync="TRUE">Shape_Leng</attrlabl><attalias Sync="TRUE">Shape_Leng</attalias><attrtype Sync="TRUE">Float</attrtype><attwidth Sync="TRUE">19</attwidth><atnumdec Sync="TRUE">11</atnumdec></attr><attr><attrlabl Sync="TRUE">Shape_Area</attrlabl><attalias Sync="TRUE">Shape_Area</attalias><attrtype Sync="TRUE">Float</attrtype><attwidth Sync="TRUE">19</attwidth><attrdef Sync="TRUE">Area of feature in internal units squared.</attrdef><attrdefs Sync="TRUE">ESRI</attrdefs><attrdomv><udom Sync="TRUE">Positive real numbers that are automatically generated.</udom></attrdomv><atnumdec Sync="TRUE">11</atnumdec></attr></detailed></eainfo><mdDateSt Sync="TRUE">20111012</mdDateSt><dataqual><lineage><procstep><procdesc Sync="TRUE">Dataset copied.</procdesc><srcused Sync="TRUE">\\KAMYOUNGKIM\C$\WebGIS\develop\map.popm\gdb.popm.mdb</srcused><date Sync="TRUE">20090714</date><time Sync="TRUE">16194300</time></procstep><procstep><procdesc Sync="TRUE">Dataset copied.</procdesc><srcused Sync="TRUE">\\LEEMINPA\D$\Project\NSO\2009년_2차\공간데이터최종본\NSO_FINAL_2009.mdb</srcused><procdate Sync="TRUE">20091026</procdate><proctime Sync="TRUE">16203600</proctime></procstep><procstep><procdesc Sync="TRUE">Dataset copied.</procdesc><srcused Sync="TRUE">Server=nsogis_server; Service=esri_sde; User=nsogis_us; Version=SDE.DEFAULT</srcused><procdate Sync="TRUE">20091107</procdate><proctime Sync="TRUE">19333800</proctime></procstep><procstep><procdesc Sync="TRUE">Dataset copied.</procdesc><srcused Sync="TRUE">\\LEEMINPA\D$\Project\NSO\2009년_2차\공간데이터최종본\NSO_POPM_TM_2009_FINAL.gdb</srcused><procdate Sync="TRUE">20091108</procdate><proctime Sync="TRUE">01495900</proctime></procstep><procstep><procdesc Sync="TRUE">Dataset copied.</procdesc><srcused Sync="TRUE">\\LEEMINPA\D$\Project\NSO\2009년_2차\공간데이터최종본\TEMP.mdb</srcused><procdate Sync="TRUE">20091108</procdate><proctime Sync="TRUE">02052700</proctime></procstep><procstep><procdesc Sync="TRUE">Dataset copied.</procdesc><srcused Sync="TRUE">\\LEEMINPA\D$\Project_Document\Document_2009\NSO\2009년_2차\공간데이터최종본\NSO_POPM_TM_2009_FINAL.gdb</srcused><procdate Sync="TRUE">20091201</procdate><proctime Sync="TRUE">07391200</proctime></procstep><procstep><procdesc Sync="TRUE">Dataset copied.</procdesc><srcused Sync="TRUE"></srcused><procdate Sync="TRUE">20111012</procdate><proctime Sync="TRUE">00500500</proctime></procstep></lineage></dataqual></metadata>
