<?xml version="1.0" encoding="UTF-8"?>
<metadata xml:lang="ko"><Esri><CreaDate>20140502</CreaDate><CreaTime>14561600</CreaTime><ArcGISFormat>1.0</ArcGISFormat><SyncOnce>TRUE</SyncOnce><DataProperties><lineage><Process ToolSource="c:\program files (x86)\arcgis\desktop10.1\ArcToolbox\Toolboxes\Data Management Tools.tbx\DefineProjection" Date="20130902" Time="161318">DefineProjection v광역시_TM PROJCS['Bessel_1841_Transverse_Mercator',GEOGCS['GCS_Bessel_1841',DATUM['D_Bessel_1841',SPHEROID['Bessel_1841',6377397.155,299.1528128]],PRIMEM['Greenwich',0.0],UNIT['Degree',0.0174532925199433]],PROJECTION['Transverse_Mercator'],PARAMETER['False_Easting',1000000.0],PARAMETER['False_Northing',2000000.0],PARAMETER['Central_Meridian',127.50289],PARAMETER['Scale_Factor',0.9996],PARAMETER['Latitude_Of_Origin',38.0],UNIT['Meter',1.0]]</Process><Process ToolSource="c:\program files (x86)\arcgis\desktop10.1\ArcToolbox\Toolboxes\Data Management Tools.tbx\DefineProjection" Date="20130902" Time="161344">DefineProjection v광역시_TM PROJCS['Bessel_1841_Transverse_Mercator',GEOGCS['GCS_Bessel_1841',DATUM['D_Bessel_1841',SPHEROID['Bessel_1841',6377397.155,299.1528128]],PRIMEM['Greenwich',0.0],UNIT['Degree',0.0174532925199433]],PROJECTION['Transverse_Mercator'],PARAMETER['False_Easting',200000.0],PARAMETER['False_Northing',500000.0],PARAMETER['Central_Meridian',127.00289],PARAMETER['Scale_Factor',1.0],PARAMETER['Latitude_Of_Origin',38.0],UNIT['Meter',1.0]]</Process><Process ToolSource="c:\program files (x86)\arcgis\desktop10.1\ArcToolbox\Toolboxes\Data Management Tools.tbx\Project" Date="20140304" Time="225806">Project 광역시 "C:\Users\Administrator\Desktop\공간정보 실습파일\Training_Data_by_Pil\1. Intro\Projection\GRS80_광역시.shp" PROJCS['PCS_ITRF2000_TM',GEOGCS['GCS_ITRF_2000',DATUM['D_ITRF_2000',SPHEROID['GRS_1980',6378137.0,298.257222101]],PRIMEM['Greenwich',0.0],UNIT['Degree',0.0174532925199433]],PROJECTION['Transverse_Mercator'],PARAMETER['False_Easting',200000.0],PARAMETER['False_Northing',600000.0],PARAMETER['Central_Meridian',127.0],PARAMETER['Scale_Factor',1.0],PARAMETER['Latitude_Of_Origin',38.0],UNIT['Meter',1.0]] UTMK(도로명)_to_GRS80TM(수치지도) PROJCS['Bessel_1841_Transverse_Mercator',GEOGCS['GCS_Bessel_1841',DATUM['D_Bessel_1841',SPHEROID['Bessel_1841',6377397.155,299.1528128]],PRIMEM['Greenwich',0.0],UNIT['Degree',0.0174532925199433]],PROJECTION['Transverse_Mercator'],PARAMETER['False_Easting',200000.0],PARAMETER['False_Northing',500000.0],PARAMETER['Central_Meridian',127.00289],PARAMETER['Scale_Factor',1.0],PARAMETER['Latitude_Of_Origin',38.0],UNIT['Meter',1.0]]</Process></lineage><itemProps><itemLocation><linkage Sync="TRUE">file://\\PIL-SERVER\D$\공간정보실습\3. 수업\GRS80_광역시</linkage><protocol Sync="TRUE">Local Area Network</protocol></itemLocation></itemProps><copyHistory><copy source="D:\공간정보실습\2. Projection\Projection\GRS80_광역시" dest="\\PIL-SERVER\D$\공간정보실습\3. 수업\GRS80_광역시" date="20140319" time="15061600"></copy></copyHistory></DataProperties><MetaID>{0CD94560-4133-4B1D-A3DF-D22E4B442196}</MetaID></Esri><idinfo><citation><citeinfo><onlink Sync="TRUE"></onlink></citeinfo></citation></idinfo><distInfo><distributor><distorTran><onLineSrc><linkage Sync="TRUE">file://</linkage><protocol Sync="TRUE">Local Area Network</protocol></onLineSrc></distorTran></distributor></distInfo><dataqual><lineage><procstep><procdesc Sync="TRUE">Dataset copied.</procdesc><srcused Sync="TRUE"></srcused><procdate Sync="TRUE">20140502</procdate><proctime Sync="TRUE">14422900</proctime></procstep><procstep><procdesc Sync="TRUE">Dataset copied.</procdesc><srcused Sync="TRUE"></srcused><procdate Sync="TRUE">20140502</procdate><proctime Sync="TRUE">14561600</proctime></procstep></lineage></dataqual></metadata>
