<?xml version="1.0"?>
<!--<!DOCTYPE metadata SYSTEM "http://www.esri.com/metadata/esriprof80.dtd">-->
<metadata xml:lang="ko"><Esri><CreaDate>20140510</CreaDate><CreaTime>17234700</CreaTime><SyncOnce>FALSE</SyncOnce><SyncDate>20140418</SyncDate><SyncTime>01404600</SyncTime><ModDate>20140418</ModDate><ModTime>01404600</ModTime><DataProperties><lineage><Process ToolSource="C:\Program Files\ArcGIS\ArcToolbox\Toolboxes\Analysis Tools.tbx\SpatialJoin" Date="20140418" Time="020100">SpatialJoin 서울_행정동 twitter_point J:\한성대학교GIS문제해결\6주자료\서울_행정동_SJ.shp JOIN_ONE_TO_ONE KEEP_ALL "code 'code' true true false 254 Text 0 0 ,First,#,J:\한성대학교GIS문제해결\6주자료\서울_행정동.shp,code,-1,-1;name 'name' true true false 254 Text 0 0 ,First,#,J:\한성대학교GIS문제해결\6주자료\서울_행정동.shp,name,-1,-1;name_eng 'name_eng' true true false 254 Text 0 0 ,First,#,J:\한성대학교GIS문제해결\6주자료\서울_행정동.shp,name_eng,-1,-1;base_year 'base_year' true true false 254 Text 0 0 ,First,#,J:\한성대학교GIS문제해결\6주자료\서울_행정동.shp,base_year,-1,-1;Shape_Leng 'Shape_Leng' true true false 19 Double 0 0 ,First,#,J:\한성대학교GIS문제해결\6주자료\서울_행정동.shp,Shape_Leng,-1,-1;Shape_Area 'Shape_Area' true true false 19 Double 0 0 ,First,#,J:\한성대학교GIS문제해결\6주자료\서울_행정동.shp,Shape_Area,-1,-1;ID 'ID' true true false 4 Short 0 4 ,First,#,J:\한성대학교GIS문제해결\6주자료\서울_행정동.shp,ID,-1,-1;Politics 'Politics' true true false 19 Double 0 0 ,First,#,J:\한성대학교GIS문제해결\6주자료\서울_행정동.shp,Politics,-1,-1;Economy 'Economy' true true false 19 Double 0 0 ,First,#,J:\한성대학교GIS문제해결\6주자료\서울_행정동.shp,Economy,-1,-1;It 'It' true true false 19 Double 0 0 ,First,#,J:\한성대학교GIS문제해결\6주자료\서울_행정동.shp,It,-1,-1;구로구 '구로구' true true false 254 Text 0 0 ,First,#,J:\한성대학교GIS문제해결\6주자료\서울_행정동.shp,구로구,-1,-1;동명 '동명' true true false 254 Text 0 0 ,First,#,J:\한성대학교GIS문제해결\6주자료\서울_행정동.shp,동명,-1,-1;세대수 '세대수' true true false 16 Double 6 15 ,First,#,J:\한성대학교GIS문제해결\6주자료\서울_행정동.shp,세대수,-1,-1;인구수 '인구수' true true false 16 Double 6 15 ,First,#,J:\한성대학교GIS문제해결\6주자료\서울_행정동.shp,인구수,-1,-1;OBJECTID 'OBJECTID' true true false 9 Long 0 9 ,First,#,Z:\영민_실험\twitter_point.shp,OBJECTID,-1,-1;tweet_id 'tweet_id' true true false 254 Text 0 0 ,First,#,Z:\영민_실험\twitter_point.shp,tweet_id,-1,-1;Date_ 'Date_' true true false 8 Date 0 0 ,First,#,Z:\영민_실험\twitter_point.shp,Date_,-1,-1;AMPM 'AMPM' true true false 254 Text 0 0 ,First,#,Z:\영민_실험\twitter_point.shp,AMPM,-1,-1;Time_ 'Time_' true true false 8 Date 0 0 ,First,#,Z:\영민_실험\twitter_point.shp,Time_,-1,-1;TimeZone 'TimeZone' true true false 19 Double 0 0 ,First,#,Z:\영민_실험\twitter_point.shp,TimeZone,-1,-1;fullText 'fullText' true true false 254 Text 0 0 ,First,#,Z:\영민_실험\twitter_point.shp,fullText,-1,-1;lon 'lon' true true false 19 Double 0 0 ,First,#,Z:\영민_실험\twitter_point.shp,lon,-1,-1;lat 'lat' true true false 19 Double 0 0 ,First,#,Z:\영민_실험\twitter_point.shp,lat,-1,-1;user_id 'user_id' true true false 254 Text 0 0 ,First,#,Z:\영민_실험\twitter_point.shp,user_id,-1,-1;in_reply_t 'in_reply_t' true true false 19 Double 0 0 ,First,#,Z:\영민_실험\twitter_point.shp,in_reply_t,-1,-1;in_reply_1 'in_reply_1' true true false 19 Double 0 0 ,First,#,Z:\영민_실험\twitter_point.shp,in_reply_1,-1,-1;retweet_co 'retweet_co' true true false 19 Double 0 0 ,First,#,Z:\영민_실험\twitter_point.shp,retweet_co,-1,-1;ID_1 'ID_1' true true false 19 Double 0 0 ,First,#,Z:\영민_실험\twitter_point.shp,ID,-1,-1" INTERSECTS "0 Meters" #</Process></lineage></DataProperties><ArcGISFormat>1.0</ArcGISFormat></Esri><idinfo><native Sync="TRUE">Microsoft Windows XP Version 5.1 (Build 2600) Service Pack 3; ESRI ArcCatalog 9.3.0.1770</native><descript><langdata Sync="TRUE">ko</langdata><abstract>REQUIRED: A brief narrative summary of the data set.</abstract><purpose>REQUIRED: A summary of the intentions with which the data set was developed.</purpose></descript><citation><citeinfo><origin>REQUIRED: The name of an organization or individual that developed the data set.</origin><pubdate>REQUIRED: The date when the data set is published or otherwise made available for release.</pubdate><title Sync="TRUE">서울_행정동_SJ</title><ftname Sync="TRUE">서울_행정동_SJ</ftname><geoform Sync="TRUE">vector digital data</geoform><onlink Sync="TRUE">\\HY\J$\한성대학교GIS문제해결\6주자료\서울_행정동_SJ.shp</onlink></citeinfo></citation><timeperd><current>REQUIRED: The basis on which the time period of content information is determined.</current><timeinfo><sngdate><caldate>REQUIRED: The year (and optionally month, or month and day) for which the data set corresponds to the ground.</caldate></sngdate></timeinfo></timeperd><status><progress>REQUIRED: The state of the data set.</progress><update>REQUIRED: The frequency with which changes and additions are made to the data set after the initial data set is completed.</update></status><spdom><bounding><westbc Sync="TRUE">REQUIRED: Western-most coordinate of the limit of coverage expressed in longitude.</westbc><eastbc Sync="TRUE">REQUIRED: Eastern-most coordinate of the limit of coverage expressed in longitude.</eastbc><northbc Sync="TRUE">REQUIRED: Northern-most coordinate of the limit of coverage expressed in latitude.</northbc><southbc Sync="TRUE">REQUIRED: Southern-most coordinate of the limit of coverage expressed in latitude.</southbc></bounding></spdom><keywords><theme><themekt>REQUIRED: Reference to a formally registered thesaurus or a similar authoritative source of theme keywords.</themekt><themekey>REQUIRED: Common-use word or phrase used to describe the subject of the data set.</themekey></theme></keywords><accconst>REQUIRED: Restrictions and legal prerequisites for accessing the data set.</accconst><useconst>REQUIRED: Restrictions and legal prerequisites for using the data set after access is granted.</useconst><natvform Sync="TRUE">Shapefile</natvform></idinfo><dataIdInfo><envirDesc Sync="TRUE">Microsoft Windows XP Version 5.1 (Build 2600) Service Pack 3; ESRI ArcCatalog 9.3.0.1770</envirDesc><dataLang><languageCode Sync="TRUE" value="ko"></languageCode></dataLang><idCitation><resTitle Sync="TRUE">서울_행정동_SJ</resTitle><presForm><PresFormCd Sync="TRUE" value="005"></PresFormCd></presForm></idCitation><spatRpType><SpatRepTypCd Sync="TRUE" value="001"></SpatRepTypCd></spatRpType></dataIdInfo><metainfo><langmeta Sync="TRUE">ko</langmeta><metstdn Sync="TRUE">FGDC Content Standards for Digital Geospatial Metadata</metstdn><metstdv Sync="TRUE">FGDC-STD-001-1998</metstdv><mettc Sync="TRUE">local time</mettc><metextns><onlink Sync="TRUE">http://www.esri.com/metadata/esriprof80.html</onlink><metprof Sync="TRUE">ESRI Metadata Profile</metprof></metextns><metc><cntinfo><cntorgp><cntper>REQUIRED: The person responsible for the metadata information.</cntper><cntorg>REQUIRED: The organization responsible for the metadata information.</cntorg></cntorgp><cntaddr><addrtype>REQUIRED: The mailing and/or physical address for the organization or individual.</addrtype><city>REQUIRED: The city of the address.</city><state>REQUIRED: The state or province of the address.</state><postal>REQUIRED: The ZIP or other postal code of the address.</postal></cntaddr><cntvoice>REQUIRED: The telephone number by which individuals can speak to the organization or individual.</cntvoice></cntinfo></metc><metd Sync="TRUE">20140418</metd></metainfo><mdLang><languageCode Sync="TRUE" value="ko"></languageCode></mdLang><mdStanName Sync="TRUE">ISO 19115 Geographic Information - Metadata</mdStanName><mdStanVer Sync="TRUE">DIS_ESRI1.0</mdStanVer><mdChar><CharSetCd Sync="TRUE" value="004"></CharSetCd></mdChar><mdHrLv><ScopeCd Sync="TRUE" value="005"></ScopeCd></mdHrLv><mdHrLvName Sync="TRUE">dataset</mdHrLvName><distinfo><resdesc Sync="TRUE">Downloadable Data</resdesc><stdorder><digform><digtinfo><transize Sync="TRUE">0.000</transize><dssize Sync="TRUE">0.000</dssize></digtinfo></digform></stdorder></distinfo><distInfo><distributor><distorTran><onLineSrc><orDesc Sync="TRUE">002</orDesc><linkage Sync="TRUE">file://\\HY\J$\한성대학교GIS문제해결\6주자료\서울_행정동_SJ.shp</linkage><protocol Sync="TRUE">Local Area Network</protocol></onLineSrc><transSize Sync="TRUE">0.000</transSize></distorTran><distorFormat><formatName Sync="TRUE">Shapefile</formatName></distorFormat></distributor></distInfo><spdoinfo><direct Sync="TRUE">Vector</direct><ptvctinf><esriterm Name="서울_행정동_SJ"><efeatyp Sync="TRUE">Simple</efeatyp><efeageom Sync="TRUE">Polygon</efeageom><esritopo Sync="TRUE">FALSE</esritopo><efeacnt Sync="TRUE">0</efeacnt><spindex Sync="TRUE">FALSE</spindex><linrefer Sync="TRUE">FALSE</linrefer></esriterm><sdtsterm Name="서울_행정동_SJ"><sdtstype Sync="TRUE">G-polygon</sdtstype><ptvctcnt Sync="TRUE">0</ptvctcnt></sdtsterm></ptvctinf></spdoinfo><spref><horizsys><cordsysn><geogcsn Sync="TRUE">GCS_ITRF_2000</geogcsn><projcsn Sync="TRUE">수치지도2.0(GRS80 TM)</projcsn></cordsysn><planar><mapproj><mapprojn Sync="TRUE">Transverse Mercator</mapprojn><transmer><sfctrmer Sync="TRUE">1.000000</sfctrmer><longcm Sync="TRUE">127.000000</longcm><latprjo Sync="TRUE">38.000000</latprjo><feast Sync="TRUE">200000.000000</feast><fnorth Sync="TRUE">500000.000000</fnorth></transmer></mapproj><planci><plance Sync="TRUE">coordinate pair</plance><plandu Sync="TRUE">meters</plandu><coordrep><absres Sync="TRUE">0.000000</absres><ordres Sync="TRUE">0.000000</ordres></coordrep></planci></planar><geodetic><horizdn Sync="TRUE">D_ITRF_2000</horizdn><ellips Sync="TRUE">Geodetic Reference System 80</ellips><semiaxis Sync="TRUE">6378137.000000</semiaxis><denflat Sync="TRUE">298.257222</denflat></geodetic></horizsys></spref><refSysInfo><RefSystem><refSysID><identCode Sync="TRUE">수치지도2.0(GRS80 TM)</identCode></refSysID></RefSystem></refSysInfo><spatRepInfo><VectSpatRep><topLvl><TopoLevCd Sync="TRUE" value="001"></TopoLevCd></topLvl><geometObjs Name="서울_행정동_SJ"><geoObjTyp><GeoObjTypCd Sync="TRUE" value="001"></GeoObjTypCd></geoObjTyp><geoObjCnt Sync="TRUE">0</geoObjCnt></geometObjs></VectSpatRep></spatRepInfo><eainfo><detailed Name="서울_행정동_SJ"><enttyp><enttypl Sync="TRUE">서울_행정동_SJ</enttypl><enttypt Sync="TRUE">Feature Class</enttypt><enttypc Sync="TRUE">0</enttypc></enttyp><attr><attrlabl Sync="TRUE">FID</attrlabl><attalias Sync="TRUE">FID</attalias><attrtype Sync="TRUE">OID</attrtype><attwidth Sync="TRUE">4</attwidth><atprecis Sync="TRUE">0</atprecis><attscale Sync="TRUE">0</attscale><attrdef Sync="TRUE">Internal feature number.</attrdef><attrdefs Sync="TRUE">ESRI</attrdefs><attrdomv><udom Sync="TRUE">Sequential unique whole numbers that are automatically generated.</udom></attrdomv></attr><attr><attrlabl Sync="TRUE">Shape</attrlabl><attalias Sync="TRUE">Shape</attalias><attrtype Sync="TRUE">Geometry</attrtype><attwidth Sync="TRUE">0</attwidth><atprecis Sync="TRUE">0</atprecis><attscale Sync="TRUE">0</attscale><attrdef Sync="TRUE">Feature geometry.</attrdef><attrdefs Sync="TRUE">ESRI</attrdefs><attrdomv><udom Sync="TRUE">Coordinates defining the features.</udom></attrdomv></attr><attr><attrlabl Sync="TRUE">Join_Count</attrlabl><attalias Sync="TRUE">Join_Count</attalias><attrtype Sync="TRUE">Number</attrtype><attwidth Sync="TRUE">9</attwidth></attr><attr><attrlabl Sync="TRUE">code</attrlabl><attalias Sync="TRUE">code</attalias><attrtype Sync="TRUE">String</attrtype><attwidth Sync="TRUE">254</attwidth></attr><attr><attrlabl Sync="TRUE">name</attrlabl><attalias Sync="TRUE">name</attalias><attrtype Sync="TRUE">String</attrtype><attwidth Sync="TRUE">254</attwidth></attr><attr><attrlabl Sync="TRUE">name_eng</attrlabl><attalias Sync="TRUE">name_eng</attalias><attrtype Sync="TRUE">String</attrtype><attwidth Sync="TRUE">254</attwidth></attr><attr><attrlabl Sync="TRUE">base_year</attrlabl><attalias Sync="TRUE">base_year</attalias><attrtype Sync="TRUE">String</attrtype><attwidth Sync="TRUE">254</attwidth></attr><attr><attrlabl Sync="TRUE">Shape_Leng</attrlabl><attalias Sync="TRUE">Shape_Leng</attalias><attrtype Sync="TRUE">Float</attrtype><attwidth Sync="TRUE">19</attwidth><atnumdec Sync="TRUE">11</atnumdec></attr><attr><attrlabl Sync="TRUE">Shape_Area</attrlabl><attalias Sync="TRUE">Shape_Area</attalias><attrtype Sync="TRUE">Float</attrtype><attwidth Sync="TRUE">19</attwidth><attrdef Sync="TRUE">Area of feature in internal units squared.</attrdef><attrdefs Sync="TRUE">ESRI</attrdefs><attrdomv><udom Sync="TRUE">Positive real numbers that are automatically generated.</udom></attrdomv><atnumdec Sync="TRUE">11</atnumdec></attr><attr><attrlabl Sync="TRUE">ID</attrlabl><attalias Sync="TRUE">ID</attalias><attrtype Sync="TRUE">Number</attrtype><attwidth Sync="TRUE">4</attwidth></attr><attr><attrlabl Sync="TRUE">Politics</attrlabl><attalias Sync="TRUE">Politics</attalias><attrtype Sync="TRUE">Float</attrtype><attwidth Sync="TRUE">19</attwidth><atnumdec Sync="TRUE">11</atnumdec></attr><attr><attrlabl Sync="TRUE">Economy</attrlabl><attalias Sync="TRUE">Economy</attalias><attrtype Sync="TRUE">Float</attrtype><attwidth Sync="TRUE">19</attwidth><atnumdec Sync="TRUE">11</atnumdec></attr><attr><attrlabl Sync="TRUE">It</attrlabl><attalias Sync="TRUE">It</attalias><attrtype Sync="TRUE">Float</attrtype><attwidth Sync="TRUE">19</attwidth><atnumdec Sync="TRUE">11</atnumdec></attr><attr><attrlabl Sync="TRUE">구로구</attrlabl><attalias Sync="TRUE">구로구</attalias><attrtype Sync="TRUE">String</attrtype><attwidth Sync="TRUE">254</attwidth></attr><attr><attrlabl Sync="TRUE">동명</attrlabl><attalias Sync="TRUE">동명</attalias><attrtype Sync="TRUE">String</attrtype><attwidth Sync="TRUE">254</attwidth></attr><attr><attrlabl Sync="TRUE">세대수</attrlabl><attalias Sync="TRUE">세대수</attalias><attrtype Sync="TRUE">Number</attrtype><attwidth Sync="TRUE">16</attwidth><atnumdec Sync="TRUE">6</atnumdec></attr><attr><attrlabl Sync="TRUE">인구수</attrlabl><attalias Sync="TRUE">인구수</attalias><attrtype Sync="TRUE">Number</attrtype><attwidth Sync="TRUE">16</attwidth><atnumdec Sync="TRUE">6</atnumdec></attr><attr><attrlabl Sync="TRUE">OBJECTID</attrlabl><attalias Sync="TRUE">OBJECTID</attalias><attrtype Sync="TRUE">Number</attrtype><attwidth Sync="TRUE">9</attwidth></attr><attr><attrlabl Sync="TRUE">tweet_id</attrlabl><attalias Sync="TRUE">tweet_id</attalias><attrtype Sync="TRUE">String</attrtype><attwidth Sync="TRUE">254</attwidth></attr><attr><attrlabl Sync="TRUE">Date_</attrlabl><attalias Sync="TRUE">Date_</attalias><attrtype Sync="TRUE">Date</attrtype><attwidth Sync="TRUE">8</attwidth></attr><attr><attrlabl Sync="TRUE">AMPM</attrlabl><attalias Sync="TRUE">AMPM</attalias><attrtype Sync="TRUE">String</attrtype><attwidth Sync="TRUE">254</attwidth></attr><attr><attrlabl Sync="TRUE">Time_</attrlabl><attalias Sync="TRUE">Time_</attalias><attrtype Sync="TRUE">Date</attrtype><attwidth Sync="TRUE">8</attwidth></attr><attr><attrlabl Sync="TRUE">TimeZone</attrlabl><attalias Sync="TRUE">TimeZone</attalias><attrtype Sync="TRUE">Float</attrtype><attwidth Sync="TRUE">19</attwidth><atnumdec Sync="TRUE">11</atnumdec></attr><attr><attrlabl Sync="TRUE">fullText</attrlabl><attalias Sync="TRUE">fullText</attalias><attrtype Sync="TRUE">String</attrtype><attwidth Sync="TRUE">254</attwidth></attr><attr><attrlabl Sync="TRUE">lon</attrlabl><attalias Sync="TRUE">lon</attalias><attrtype Sync="TRUE">Float</attrtype><attwidth Sync="TRUE">19</attwidth><atnumdec Sync="TRUE">11</atnumdec></attr><attr><attrlabl Sync="TRUE">lat</attrlabl><attalias Sync="TRUE">lat</attalias><attrtype Sync="TRUE">Float</attrtype><attwidth Sync="TRUE">19</attwidth><atnumdec Sync="TRUE">11</atnumdec></attr><attr><attrlabl Sync="TRUE">user_id</attrlabl><attalias Sync="TRUE">user_id</attalias><attrtype Sync="TRUE">String</attrtype><attwidth Sync="TRUE">254</attwidth></attr><attr><attrlabl Sync="TRUE">in_reply_t</attrlabl><attalias Sync="TRUE">in_reply_t</attalias><attrtype Sync="TRUE">Float</attrtype><attwidth Sync="TRUE">19</attwidth><atnumdec Sync="TRUE">11</atnumdec></attr><attr><attrlabl Sync="TRUE">in_reply_1</attrlabl><attalias Sync="TRUE">in_reply_1</attalias><attrtype Sync="TRUE">Float</attrtype><attwidth Sync="TRUE">19</attwidth><atnumdec Sync="TRUE">11</atnumdec></attr><attr><attrlabl Sync="TRUE">retweet_co</attrlabl><attalias Sync="TRUE">retweet_co</attalias><attrtype Sync="TRUE">Float</attrtype><attwidth Sync="TRUE">19</attwidth><atnumdec Sync="TRUE">11</atnumdec></attr><attr><attrlabl Sync="TRUE">ID_1</attrlabl><attalias Sync="TRUE">ID_1</attalias><attrtype Sync="TRUE">Float</attrtype><attwidth Sync="TRUE">19</attwidth><atnumdec Sync="TRUE">11</atnumdec></attr></detailed></eainfo><mdDateSt Sync="TRUE">20140418</mdDateSt></metadata>
